{"properties": [
  {
    "name": "pageblock",
    "type": "java.lang.String",
    "description": "A description for 'pageblock'"
  },
  {
    "name": "movieKey",
    "type": "java.lang.String",
    "description": "A description for 'movieKey'"
  },
  {
    "name": "movieKey",
    "type": "java.lang.String",
    "description": "A description for 'movieKey'"
  },
  {
    "name": "movieKey",
    "type": "java.lang.String",
    "description": "A description for 'movieKey'"
  },
  {
    "name": "movieKey",
    "type": "java.lang.String",
    "description": "A description for 'movieKey'"
  },
  {
    "name": "movieKey",
    "type": "java.lang.String",
    "description": "A description for 'movieKey'"
  },
  {
    "name": "movieKey",
    "type": "java.lang.String",
    "description": "A description for 'movieKey'"
  },
  {
    "name": "movieKey",
    "type": "java.lang.String",
    "description": "A description for 'movieKey'"
  }
]}